0x00000000219ab540356cbb839cbe05303d7705fa,Eth2 Deposit Contract
0xc02aaa39b223fe8d0a0e5c4f27ead9083c756cc2,Wrapped Ether
0xda9dfa130df4de4673b89022ee50ff26f6ea73cf,Kraken 13
0xbe0eb53f46cd790cd13851d5eff43d12404d33e8,Binance 7
0x742d35cc6634c0532925a3b844bc454e4438f44e,Bitfinex 2
0x07ee55aa48bb72dcc6e9d78256648910de513eca,Gemini: Contract 1
0xf977814e90da44bfa03b6295a0616a897441acec,Binance 8
0x011b6e24ffb0b5f5fcc564cf4183c5bbbc96d515,Arbitrum: Bridge
0x4ddc2d193948926d02f9b1fe9e1daa0718270ed5,Compound: cETH Token
0xa7efae728d2936e78bda97dc267687568dd593f3,OKEx 3
0x61edcdf5bb737adffe5043706e7c5bb1f1a56eea,Gemini 3
0x28c6c06298d514db089934071355e5743bf21d60,Binance 14
0xde0b295669a9fd93d5f28d9ec85e40f4cb697bae,EthDev
0xdf9eb223bafbe5c5271415c75aecd68c21fe3d7f,Liquity: Active Pool
0x8484ef722627bf18ca5ae6bcf031c23e6e922b30,Polygon (Matic): Ether Bridge
0x2faf487a4414fe77e2327f0bf4ae2a264a776ad2,FTX Exchange
0x3bfc20f0b9afcace800d73d2191166ff16540258,Polkadot: MultiSig
0xa929022c9107643515f5c777ce9a910f0d1e490c,HECO Chain: Bridge
0x220866b1a2219f40e72f5c628b65d54268ca3a9d,Vb 3
0x00000000219ab540356cbb839cbe05303d7705fa,Eth2 Deposit Contract
0xc02aaa39b223fe8d0a0e5c4f27ead9083c756cc2,Wrapped Ether
0xda9dfa130df4de4673b89022ee50ff26f6ea73cf,Kraken 13
0xbe0eb53f46cd790cd13851d5eff43d12404d33e8,Binance 7
0x742d35cc6634c0532925a3b844bc454e4438f44e,Bitfinex 2
0x07ee55aa48bb72dcc6e9d78256648910de513eca,Gemini: Contract 1
0xf977814e90da44bfa03b6295a0616a897441acec,Binance 8
0x011b6e24ffb0b5f5fcc564cf4183c5bbbc96d515,Arbitrum: Bridge
0x4ddc2d193948926d02f9b1fe9e1daa0718270ed5,Compound: cETH Token
0xa7efae728d2936e78bda97dc267687568dd593f3,OKEx 3
0x61edcdf5bb737adffe5043706e7c5bb1f1a56eea,Gemini 3
0x28c6c06298d514db089934071355e5743bf21d60,Binance 14
0xde0b295669a9fd93d5f28d9ec85e40f4cb697bae,EthDev
0xdf9eb223bafbe5c5271415c75aecd68c21fe3d7f,Liquity: Active Pool
0x8484ef722627bf18ca5ae6bcf031c23e6e922b30,Polygon (Matic): Ether Bridge
0x2faf487a4414fe77e2327f0bf4ae2a264a776ad2,FTX Exchange
0x3bfc20f0b9afcace800d73d2191166ff16540258,Polkadot: MultiSig
0xa929022c9107643515f5c777ce9a910f0d1e490c,HECO Chain: Bridge
0x220866b1a2219f40e72f5c628b65d54268ca3a9d,Vb 3
0x00000000219ab540356cbb839cbe05303d7705fa,Eth2 Deposit Contract
0xc02aaa39b223fe8d0a0e5c4f27ead9083c756cc2,Wrapped Ether
0xda9dfa130df4de4673b89022ee50ff26f6ea73cf,Kraken 13
0xbe0eb53f46cd790cd13851d5eff43d12404d33e8,Binance 7
0x742d35cc6634c0532925a3b844bc454e4438f44e,Bitfinex 2
0x07ee55aa48bb72dcc6e9d78256648910de513eca,Gemini: Contract 1
0xf977814e90da44bfa03b6295a0616a897441acec,Binance 8
0x011b6e24ffb0b5f5fcc564cf4183c5bbbc96d515,Arbitrum: Bridge
0x4ddc2d193948926d02f9b1fe9e1daa0718270ed5,Compound: cETH Token
0xa7efae728d2936e78bda97dc267687568dd593f3,OKEx 3
0x61edcdf5bb737adffe5043706e7c5bb1f1a56eea,Gemini 3
0x28c6c06298d514db089934071355e5743bf21d60,Binance 14
0xde0b295669a9fd93d5f28d9ec85e40f4cb697bae,EthDev
0xdf9eb223bafbe5c5271415c75aecd68c21fe3d7f,Liquity: Active Pool
0x8484ef722627bf18ca5ae6bcf031c23e6e922b30,Polygon (Matic): Ether Bridge
0x2faf487a4414fe77e2327f0bf4ae2a264a776ad2,FTX Exchange
0x3bfc20f0b9afcace800d73d2191166ff16540258,Polkadot: MultiSig
0xa929022c9107643515f5c777ce9a910f0d1e490c,HECO Chain: Bridge
0x220866b1a2219f40e72f5c628b65d54268ca3a9d,Vb 3
0x78605df79524164911c144801f41e9811b7db73d,BitDAO: Treasury
0x59448fe20378357f206880c58068f095ae63d5a5,Bitfinex 9
0x558553d54183a8542f7832742e7b4ba9c33aa1e6,Bithumb 12
0x98ec059dc3adfbdd63429454aeb0c990fba4a128,OKEx 6
0x66f820a414680b5bcda5eeca5dea238543f42054,Bittrex 3
0x36a85757645e8e8aec062a1dee289c7d615901ca,Bitfinex 10
0x6262998ced04146fa42253a5c0af90ca02dfd2a3,Crypto.com
0x25eaff5b179f209cf186b1cdcbfa463a69df4c45,Blockfolio
0x7da82c7ab4771ff031b66538d2fb9b0b047f6cf9,Golem: Multisig
0xd6216fc19db775df9774a6e33526131da7d19a2c,KuCoin 6
0xd69b0089d9ca950640f5dc9931a41a5965f00303,Gemini 7
0xdc24316b9ae028f1497c275eb9192a3ea0f67022,Lido: Curve Liquidity Farming Pool Contract
0x0548f59fee79f8832c299e01dca5c76f034f558e,OTC: 0x054...58e
0xdcd0272462140d0a3ced6c4bf970c7641f08cd2c,Bitfinex 4
0x376c3e5547c68bc26240d8dcc6729fff665a4448,Iconomi: MultiSig 1
0x0d0707963952f2fba59dd06f2b425ace40b492fe,Gate.io
0x1b8766d041567eed306940c587e21c06ab968663,Bitfinex 14
0x5a710a3cdf2af218740384c52a10852d8870626a,Bitfinex 15
0x4fdd5eb2fb260149a3903859043e962ab89d8ed4,Bitfinex 5
0xc61b9bb3a7a0767e3179713f3a5c7a9aedce193c,Bitfinex: MultiSig 3
0x99c9fc46f92e8a1c0dec1b1747d010903e884be1,Optimism: Gateway
0x3d4530082c3eb60f58af03f79b1ed3f40e591cd1,Golem: Foundation
0x28140cb1ac771d4add91ee23788e50249c10263d,Bitfinex 16
0xc56fefd1028b0534bfadcdb580d3519b5586246e,Bitfinex 11
0x11577a8a5baf1e25b9a2d89f39670f447d75c3cd,Fund: 0x115...3cD
0x1e2fcfd26d36183f1a5d90f0e6296915b02bcb40,Coinone 2
0xbf4ed7b27f1d666546e30d74d50d173d20bca754,WithdrawDAO
0x267be1c1d684f78cb4f6a176c4911b741e4ffdc0,Kraken 4
0x876eabf441b2ee5b5b0554fd502a8e0600950cfa,Bitfinex 3
0x755cdba6ae4f479f7164792b318b2a06c759833b,ExtraBalDaoWithdraw
